ID,Name,Age,Gender,City
1,Rahul Agarwal,47,Female,Bangalore
2,Rohan Jain,22,Female,Bangalore
3,Pooja Verma,25,Female,Ranchi
4,Shreya Rana,50,Male,Indore
5,Priya Sharma,49,Male,Amritsar
6,Nikita Sen,46,Male,Jodhpur
7,Meena Mirza,23,Male,Kanpur
8,Aarav Reddy,46,Male,Noida
9,Siddharth Das,58,Male,Jaipur
10,Sameer Roy,58,Male,Mysore
11,Siddharth Nair,27,Female,Bangalore
12,Amit Singh,34,Male,Surat
13,Harsh Patel,55,Male,Thane
14,Priya Mirza,29,Female,Ranchi
15,Rahul Gupta,42,Female,Vijayawada
16,Siddharth Reddy,42,Female,Mumbai
17,Siddharth Jain,38,Female,Jodhpur
18,Ravi Mehta,27,Male,Pune
19,Ritika Shankar,43,Female,Jaipur
20,Harsh Nair,31,Female,Bangalore
21,Siddharth Sen,29,Female,Amritsar
22,Kunal Choudhary,43,Male,Mysore
23,Nilesh Kaur,49,Male,Kochi
24,Rakesh Ali,49,Male,Mumbai
25,Anita Mehta,56,Male,Surat
26,Rohan Bhatia,25,Male,Nashik
27,Amit Choudhary,37,Female,Jodhpur
28,Nikita Rao,28,Male,Nagpur
29,Jaya Kapoor,26,Male,Nagpur
30,Jaya Vardhan,51,Male,Noida
31,Rakesh Khan,50,Female,Ludhiana
32,Varun Rana,47,Female,Chennai
33,Aarav Shankar,30,Male,Kanpur
34,Pratik Rao,52,Female,Vijayawada
35,Nilesh Roy,34,Female,Kolkata
36,Anita Reddy,44,Male,Bhopal
37,Bhavna Saxena,42,Male,Agra
38,Anita Malhotra,22,Male,Hyderabad
39,Sara Joshi,45,Male,Thane
40,Pallavi Kumari,52,Male,Hyderabad
41,Divya Shankar,22,Female,Ludhiana
42,Anjali Roy,56,Female,Kochi
43,Varun Nair,26,Female,Lucknow
44,Tanya Nair,23,Male,Nagpur
45,Tanvi Shankar,21,Male,Bangalore
46,Ankita Kapoor,32,Male,Chennai
47,Tushar Roy,59,Male,Lucknow
48,Ravi Menon,23,Male,Vadodara
49,Tanya Nair,32,Female,Kolkata
50,Ajay Ali,33,Female,Mumbai
51,Varun Iyer,57,Female,Bhopal
52,Nikita Das,19,Male,Surat
53,Ankita Rao,50,Male,Chennai
54,Meena Sharma,50,Female,Aurangabad
55,Bhavna Yadav,59,Male,Jaipur
56,Rohan Gupta,45,Female,Jaipur
57,Sara Khan,29,Male,Jaipur
58,Pratik Ali,46,Male,Lucknow
59,Neha Agarwal,59,Female,Delhi
60,Kavita Vardhan,45,Male,Mysore
61,Neha Bose,53,Male,Noida
62,Siddharth Roy,43,Male,Delhi
63,Aarav Shankar,57,Male,Indore
64,Ajay Menon,52,Female,Patna
65,Rahul Rao,54,Female,Nashik
66,Isha Nair,60,Female,Nagpur
67,Meena Ali,30,Female,Surat
68,Nandini Kumari,55,Female,Vadodara
69,Manoj Menon,57,Female,Pune
70,Kunal Rao,41,Female,Pune
71,Ajay Yadav,42,Male,Rajkot
72,Arjun Iyer,18,Female,Kochi
73,Rakesh Mirza,28,Male,Bhopal
74,Ajay Vardhan,27,Female,Bhopal
75,Varun Kulkarni,37,Female,Surat
76,Nandini Verma,44,Female,Vijayawada
77,Tushar Jain,52,Female,Aurangabad
78,Rohan Nair,41,Female,Ranchi
79,Rahul Choudhary,41,Male,Ranchi
80,Ritika Mehta,33,Male,Rajkot
81,Divya Gupta,26,Female,Bangalore
82,Nikita Gupta,53,Female,Noida
83,Rahul Choudhary,25,Male,Kolkata
84,Pratik Verma,48,Male,Pune
85,Neha Singh,22,Male,Bhopal
86,Sara Kaur,19,Male,Kanpur
87,Varun Patel,19,Female,Amritsar
88,Pallavi Mirza,31,Female,Vijayawada
89,Nikita Malhotra,27,Male,Mysore
90,Divya Sharma,45,Male,Kochi
91,Kunal Menon,44,Male,Bhopal
92,Neha Rana,59,Male,Agra
93,Sameer Yadav,46,Female,Vadodara
94,Ayesha Rana,57,Female,Patna
95,Vikram Agarwal,25,Male,Kanpur
96,Arjun Nair,40,Female,Kochi
97,Sara Verma,39,Male,Jodhpur
98,Kavita Bose,44,Female,Surat
99,Ayesha Malhotra,41,Male,Mysore
100,Isha Yadav,22,Male,Hyderabad
